id,drift
1,0.3884410155
2,0.3884410155
3,0.38724132899999997
4,0.38724132899999997
5,0.38724132899999997
